{
  "timestamp": "2025-11-16T02:35:27.378034",
  "config": {
    "max_features": 5000,
    "ngram_range": [
      1,
      2
    ],
    "cv_folds": 3
  },
  "rule_based": {
    "precision": 0.3346303501945525,
    "recall": 0.029420149381378644,
    "f1_score": 0.054085215659556624,
    "confusion_matrix": [
      [
        56165,
        1026
      ],
      [
        17023,
        516
      ]
    ],
    "total_predictions": 74730,
    "malicious_detected": 1542,
    "total_rules_triggered": 1579,
    "avg_rules_per_detection": 0.02112939917034658,
    "inference_time": 25.33623766899109,
    "avg_time_per_sample": 0.0003390370355813072
  },
  "ml_based": {
    "logistic_regression": {
      "model_name": "logistic_regression",
      "classification_report": {
        "0": {
          "precision": 0.8311959303033996,
          "recall": 0.9542235666451016,
          "f1-score": 0.8884710249334538,
          "support": 57191.0
        },
        "1": {
          "precision": 0.711483359047829,
          "recall": 0.3680939620274816,
          "f1-score": 0.48517641754029983,
          "support": 17539.0
        },
        "accuracy": 0.8166599759132879,
        "macro avg": {
          "precision": 0.7713396446756142,
          "recall": 0.6611587643362916,
          "f1-score": 0.6868237212368768,
          "support": 74730.0
        },
        "weighted avg": {
          "precision": 0.8030995996831473,
          "recall": 0.8166599759132879,
          "f1-score": 0.7938184875446068,
          "support": 74730.0
        }
      },
      "confusion_matrix": [
        [
          54573,
          2618
        ],
        [
          11083,
          6456
        ]
      ],
      "auc_score": 0.8362224979112662,
      "f1_score": 0.7938184875446068,
      "precision": 0.8030995996831473,
      "recall": 0.8166599759132879
    },
    "random_forest": {
      "model_name": "random_forest",
      "classification_report": {
        "0": {
          "precision": 0.92130599762134,
          "recall": 0.5688832158906122,
          "f1-score": 0.7034214366790984,
          "support": 57191.0
        },
        "1": {
          "precision": 0.37446722143292066,
          "recall": 0.8415531102115286,
          "f1-score": 0.5183039241506453,
          "support": 17539.0
        },
        "accuracy": 0.6328783621035728,
        "macro avg": {
          "precision": 0.6478866095271303,
          "recall": 0.7052181630510703,
          "f1-score": 0.6108626804148718,
          "support": 74730.0
        },
        "weighted avg": {
          "precision": 0.792963895445926,
          "recall": 0.6328783621035728,
          "f1-score": 0.6599746809954835,
          "support": 74730.0
        }
      },
      "confusion_matrix": [
        [
          32535,
          24656
        ],
        [
          2779,
          14760
        ]
      ],
      "auc_score": 0.8016138953818004,
      "f1_score": 0.6599746809954835,
      "precision": 0.792963895445926,
      "recall": 0.6328783621035728
    },
    "svm": {
      "model_name": "svm",
      "classification_report": {
        "0": {
          "precision": 0.9162133460479833,
          "recall": 0.7391897326502421,
          "f1-score": 0.818236364340185,
          "support": 57191.0
        },
        "1": {
          "precision": 0.4782608695652174,
          "recall": 0.7795769428131593,
          "f1-score": 0.5928286507110648,
          "support": 17539.0
        },
        "accuracy": 0.7486685400776127,
        "macro avg": {
          "precision": 0.6972371078066004,
          "recall": 0.7593833377317007,
          "f1-score": 0.7055325075256249,
          "support": 74730.0
        },
        "weighted avg": {
          "precision": 0.8134266675382653,
          "recall": 0.7486685400776127,
          "f1-score": 0.7653335690860549,
          "support": 74730.0
        }
      },
      "confusion_matrix": [
        [
          42275,
          14916
        ],
        [
          3866,
          13673
        ]
      ],
      "auc_score": null,
      "f1_score": 0.7653335690860549,
      "precision": 0.8134266675382653,
      "recall": 0.7486685400776127
    },
    "svm_fast": {
      "model_name": "svm_fast",
      "classification_report": {
        "0": {
          "precision": 0.8670321637426901,
          "recall": 0.6221783147698065,
          "f1-score": 0.7244759800877524,
          "support": 57191.0
        },
        "1": {
          "precision": 0.35862273671712674,
          "recall": 0.6888648155539084,
          "f1-score": 0.4716859591247145,
          "support": 17539.0
        },
        "accuracy": 0.6378295196039074,
        "macro avg": {
          "precision": 0.6128274502299085,
          "recall": 0.6555215651618574,
          "f1-score": 0.5980809696062335,
          "support": 74730.0
        },
        "weighted avg": {
          "precision": 0.7477093624500185,
          "recall": 0.6378295196039074,
          "f1-score": 0.6651466053029174,
          "support": 74730.0
        }
      },
      "confusion_matrix": [
        [
          35583,
          21608
        ],
        [
          5457,
          12082
        ]
      ],
      "auc_score": null,
      "f1_score": 0.6651466053029174,
      "precision": 0.7477093624500185,
      "recall": 0.6378295196039074
    },
    "gradient_boosting": {
      "model_name": "gradient_boosting",
      "classification_report": {
        "0": {
          "precision": 0.8137393871198726,
          "recall": 0.9736671853963036,
          "f1-score": 0.886548534492366,
          "support": 57191.0
        },
        "1": {
          "precision": 0.7609144308620416,
          "recall": 0.27327669764524776,
          "f1-score": 0.40213105126268983,
          "support": 17539.0
        },
        "accuracy": 0.8092867656898167,
        "macro avg": {
          "precision": 0.7873269089909571,
          "recall": 0.6234719415207757,
          "f1-score": 0.644339792877528,
          "support": 74730.0
        },
        "weighted avg": {
          "precision": 0.8013414624871134,
          "recall": 0.8092867656898167,
          "f1-score": 0.7728566003512541,
          "support": 74730.0
        }
      },
      "confusion_matrix": [
        [
          55685,
          1506
        ],
        [
          12746,
          4793
        ]
      ],
      "auc_score": 0.8189444285372708,
      "f1_score": 0.7728566003512541,
      "precision": 0.8013414624871134,
      "recall": 0.8092867656898167
    },
    "naive_bayes": {
      "model_name": "naive_bayes",
      "classification_report": {
        "0": {
          "precision": 0.8512327854286984,
          "recall": 0.804095049920442,
          "f1-score": 0.8269927617677472,
          "support": 57191.0
        },
        "1": {
          "precision": 0.45890080169999037,
          "recall": 0.5417640686470152,
          "f1-score": 0.49690155575892275,
          "support": 17539.0
        },
        "accuracy": 0.7425264284758464,
        "macro avg": {
          "precision": 0.6550667935643444,
          "recall": 0.6729295592837286,
          "f1-score": 0.661947158763335,
          "support": 74730.0
        },
        "weighted avg": {
          "precision": 0.7591531565966656,
          "recall": 0.7425264284758464,
          "f1-score": 0.7495209343598953,
          "support": 74730.0
        }
      },
      "confusion_matrix": [
        [
          45987,
          11204
        ],
        [
          8037,
          9502
        ]
      ],
      "auc_score": 0.7446111658624741,
      "f1_score": 0.7495209343598953,
      "precision": 0.7591531565966656,
      "recall": 0.7425264284758464
    }
  },
  "best_model": "logistic_regression"
}